{"accuracy": 0.7337662337662337, "classification_report": {"0": {"precision": 0.7565217391304347, "recall": 0.87, "f1-score": 0.8093023255813954, "support": 100.0}, "1": {"precision": 0.6666666666666666, "recall": 0.48148148148148145, "f1-score": 0.5591397849462365, "support": 54.0}, "accuracy": 0.7337662337662337, "macro avg": {"precision": 0.7115942028985507, "recall": 0.6757407407407408, "f1-score": 0.6842210552638159, "support": 154.0}, "weighted avg": {"precision": 0.7250141163184641, "recall": 0.7337662337662337, "f1-score": 0.7215829931508851, "support": 154.0}}, "confusion_matrix": [[87, 13], [22, 32]], "cv_score": 0.7834332933493269}